timestamp_start,timestamp_end,entrances,avg_occupancy,temp_c,humidity_pct
2026-05-26T06:20:26.686Z,2026-05-26T06:21:26.686Z,1,0.037,21.94,45
2026-05-26T06:21:26.851Z,2026-05-26T06:22:26.851Z,0,0.013,21.94,45
2026-05-26T06:22:26.914Z,2026-05-26T06:23:26.914Z,0,0.003,21.94,45
2026-05-26T06:23:27.079Z,2026-05-26T06:24:27.079Z,0,0.013,21.94,45
2026-05-26T06:25:27.309Z,2026-05-26T06:26:27.309Z,0,0.003,21.94,45
2026-05-26T06:26:27.473Z,2026-05-26T06:27:27.473Z,0,0.007,21.94,45
2026-05-26T06:27:27.638Z,2026-05-26T06:28:27.638Z,0,0.01,21.94,45
2026-05-26T06:28:27.701Z,2026-05-26T06:29:27.701Z,0,0.063,21.94,45
2026-05-26T06:29:27.867Z,2026-05-26T06:30:27.867Z,0,0.379,21.94,45
2026-05-26T06:30:28.030Z,2026-05-26T06:31:28.030Z,0,0.373,21.94,45
2026-05-26T06:31:28.095Z,2026-05-26T06:32:28.095Z,0,0.279,21.94,45
2026-05-26T06:32:28.259Z,2026-05-26T06:33:28.259Z,0,0.047,21.94,45
2026-05-26T06:33:28.424Z,2026-05-26T06:34:28.424Z,0,0.003,21.94,45
2026-05-26T06:34:28.489Z,2026-05-26T06:35:28.489Z,0,0.525,21.94,45
2026-05-26T06:35:28.653Z,2026-05-26T06:36:28.653Z,0,0.173,21.94,45
2026-05-26T06:36:28.818Z,2026-05-26T06:37:28.818Z,0,0.217,21.94,45
2026-05-26T06:37:28.881Z,2026-05-26T06:38:28.881Z,0,0.322,21.94,45
2026-05-26T06:38:29.046Z,2026-05-26T06:39:29.046Z,0,0.573,21.94,45
2026-05-26T06:39:29.111Z,2026-05-26T06:40:29.111Z,0,0.033,21.94,45
2026-05-26T06:40:29.275Z,2026-05-26T06:41:29.275Z,0,0.043,21.94,45
2026-05-26T06:41:29.440Z,2026-05-26T06:42:29.440Z,0,0.073,21.94,45
2026-05-26T06:42:29.503Z,2026-05-26T06:43:29.503Z,0,0.113,21.94,45
2026-05-26T06:43:29.668Z,2026-05-26T06:44:29.668Z,0,0.233,21.94,45
2026-05-26T06:44:29.832Z,2026-05-26T06:45:29.832Z,0,0.04,21.94,45
2026-05-26T06:45:29.898Z,2026-05-26T06:46:29.898Z,0,0.382,21.94,45
2026-05-26T06:46:30.062Z,2026-05-26T06:47:30.062Z,0,0.711,21.94,45
2026-05-26T06:47:30.226Z,2026-05-26T06:48:30.226Z,0,0.423,21.94,45
2026-05-26T06:48:30.290Z,2026-05-26T06:49:30.290Z,0,0.133,21.94,45
2026-05-26T06:51:30.684Z,2026-05-26T06:52:30.684Z,0,0.06,21.94,45
2026-05-26T06:52:30.848Z,2026-05-26T06:53:30.848Z,0,0.247,21.94,45
2026-05-26T06:53:30.913Z,2026-05-26T06:54:30.913Z,0,0.053,21.94,45
2026-05-26T06:54:31.078Z,2026-05-26T06:55:31.078Z,0,0.561,21.94,45
2026-05-26T06:55:31.242Z,2026-05-26T06:56:31.242Z,0,0.227,21.94,45
2026-05-26T06:56:31.305Z,2026-05-26T06:57:31.305Z,0,0.226,21.94,45
2026-05-26T06:57:31.470Z,2026-05-26T06:58:31.470Z,0,0.033,21.94,45
2026-05-26T06:58:31.634Z,2026-05-26T06:59:31.634Z,0,0.05,21.94,45
2026-05-26T06:59:31.700Z,2026-05-26T07:00:31.700Z,0,0.086,21.94,45
2026-05-26T07:01:32.029Z,2026-05-26T07:02:32.029Z,0,0.023,21.94,45
2026-05-26T07:02:32.092Z,2026-05-26T07:03:32.092Z,0,0.435,21.94,45
2026-05-26T07:03:32.257Z,2026-05-26T07:04:32.257Z,1,0.166,21.94,45
2026-05-26T07:04:32.421Z,2026-05-26T07:05:32.421Z,0,0.027,21.94,45
2026-05-26T07:05:32.486Z,2026-05-26T07:06:32.486Z,0,0.326,21.94,45
2026-05-26T07:06:32.651Z,2026-05-26T07:07:32.651Z,0,0.023,21.94,45
2026-05-26T07:07:32.714Z,2026-05-26T07:08:32.714Z,0,0.329,21.94,45
2026-05-26T07:08:32.880Z,2026-05-26T07:09:32.880Z,0,0.086,21.94,45
2026-05-26T07:10:33.108Z,2026-05-26T07:11:33.108Z,0,0.027,21.94,45
2026-05-26T07:11:33.273Z,2026-05-26T07:12:33.273Z,0,0.103,21.94,45
2026-05-26T07:12:33.437Z,2026-05-26T07:13:33.437Z,1,0.04,21.94,45
2026-05-26T07:13:33.502Z,2026-05-26T07:14:33.502Z,0,0.066,21.94,45
2026-05-26T07:14:33.665Z,2026-05-26T07:15:33.665Z,0,0.03,21.94,45
2026-05-26T07:15:33.831Z,2026-05-26T07:16:33.831Z,0,0.137,21.94,45
2026-05-26T07:16:33.895Z,2026-05-26T07:17:33.895Z,0,0.15,21.94,45
2026-05-26T07:17:34.059Z,2026-05-26T07:18:34.059Z,0,0.08,21.94,45
2026-05-26T07:18:34.223Z,2026-05-26T07:19:34.223Z,0,0.36,21.94,45
2026-05-26T07:19:34.289Z,2026-05-26T07:20:34.289Z,0,0.01,21.94,45
2026-05-26T07:21:34.618Z,2026-05-26T07:22:34.618Z,0,0.013,21.94,45
2026-05-26T07:22:34.681Z,2026-05-26T07:23:34.681Z,0,0.023,21.94,45
2026-05-26T07:23:34.845Z,2026-05-26T07:24:34.845Z,0,0.017,21.94,45
2026-05-26T07:24:34.911Z,2026-05-26T07:25:34.911Z,0,0.12,21.94,45
2026-05-26T07:26:35.240Z,2026-05-26T07:27:35.240Z,0,0.037,21.94,45
2026-05-26T07:29:35.632Z,2026-05-26T07:30:35.632Z,0,0.087,21.94,45
2026-05-26T07:31:35.861Z,2026-05-26T07:32:35.861Z,0,0.02,21.94,45
2026-05-26T07:34:36.255Z,2026-05-26T07:35:36.255Z,0,0.003,21.94,45
2026-05-26T07:35:36.420Z,2026-05-26T07:36:36.420Z,1,0.013,21.94,45
2026-05-26T07:36:36.483Z,2026-05-26T07:37:36.483Z,0,0.153,21.94,45
2026-05-26T07:38:36.713Z,2026-05-26T07:39:36.713Z,0,0.017,21.94,45
2026-05-26T07:39:36.878Z,2026-05-26T07:40:36.878Z,0,0.01,21.94,45
2026-05-26T07:40:37.042Z,2026-05-26T07:41:37.042Z,0,0.043,21.94,45
2026-05-26T07:46:37.828Z,2026-05-26T07:47:37.828Z,0,0.29,21.94,45
2026-05-26T07:47:37.892Z,2026-05-26T07:48:37.892Z,0,0.013,21.94,45
2026-05-26T07:49:38.221Z,2026-05-26T07:50:38.221Z,0,0.003,21.94,45
2026-05-26T07:50:38.286Z,2026-05-26T07:51:38.286Z,0,0.156,21.94,45
2026-05-26T07:51:38.450Z,2026-05-26T07:52:38.450Z,0,0.08,21.94,45
2026-05-26T07:52:38.516Z,2026-05-26T07:53:38.516Z,0,0.017,21.94,45
2026-05-26T07:53:38.680Z,2026-05-26T07:54:38.680Z,0,0.186,21.94,45
2026-05-26T07:56:39.072Z,2026-05-26T07:57:39.072Z,0,0.007,21.94,45
2026-05-26T07:57:39.237Z,2026-05-26T07:58:39.237Z,0,0.02,21.94,45
2026-05-26T07:58:39.302Z,2026-05-26T07:59:39.302Z,0,0.037,21.94,45
2026-05-26T07:59:39.467Z,2026-05-26T08:00:39.467Z,0,0.163,21.94,45
2026-05-26T08:00:39.631Z,2026-05-26T08:01:39.631Z,0,0.097,21.94,45
2026-05-26T08:27:43.071Z,2026-05-26T08:28:43.071Z,0,0.04,21.94,45
2026-05-26T08:28:43.236Z,2026-05-26T08:29:43.236Z,0,0.047,21.94,45
2026-05-26T08:29:43.299Z,2026-05-26T08:30:43.299Z,0,0.003,21.94,45
2026-05-26T08:30:43.464Z,2026-05-26T08:31:43.464Z,0,0.013,21.94,45
2026-05-26T08:31:43.628Z,2026-05-26T08:32:43.628Z,0,0.173,21.94,45
2026-05-26T08:32:43.694Z,2026-05-26T08:33:43.694Z,0,0.017,21.94,45
2026-05-26T08:33:43.858Z,2026-05-26T08:34:43.858Z,0,0.196,21.94,45
2026-05-26T08:34:44.023Z,2026-05-26T08:35:44.023Z,0,0.033,21.94,45
2026-05-26T08:35:44.086Z,2026-05-26T08:36:44.086Z,0,0.279,21.94,45
2026-05-26T08:36:44.252Z,2026-05-26T08:37:44.252Z,1,0.25,21.94,45
2026-05-26T08:37:44.315Z,2026-05-26T08:38:44.315Z,1,0.771,21.94,45
2026-05-26T08:38:44.480Z,2026-05-26T08:39:44.480Z,0,0.957,21.94,45
2026-05-26T08:39:44.644Z,2026-05-26T08:40:44.644Z,0,0.98,21.94,45
2026-05-26T08:40:44.709Z,2026-05-26T08:41:44.709Z,0,0.894,21.94,45
2026-05-26T08:41:44.874Z,2026-05-26T08:42:44.874Z,1,0.927,21.94,45
2026-05-26T08:42:45.038Z,2026-05-26T08:43:45.038Z,0,0.85,21.94,45
2026-05-26T08:43:45.102Z,2026-05-26T08:44:45.102Z,0,0.927,21.94,45
2026-05-26T08:44:45.266Z,2026-05-26T08:45:45.266Z,1,0.93,21.94,45
2026-05-26T08:45:45.431Z,2026-05-26T08:46:45.431Z,0,0.83,21.94,45
2026-05-26T08:46:45.496Z,2026-05-26T08:47:45.496Z,1,0.478,21.94,45
2026-05-26T08:47:45.661Z,2026-05-26T08:48:45.661Z,0,0.558,21.94,45
2026-05-26T08:48:45.825Z,2026-05-26T08:49:45.825Z,2,0.64,21.94,45
2026-05-26T08:49:45.888Z,2026-05-26T08:50:45.888Z,1,0.542,21.94,45
2026-05-26T08:50:46.053Z,2026-05-26T08:51:46.053Z,1,0.704,21.94,45
2026-05-26T08:51:46.217Z,2026-05-26T08:52:46.217Z,0,0.597,21.94,45
2026-05-26T08:52:46.282Z,2026-05-26T08:53:46.282Z,0,0.073,21.94,45
2026-05-26T08:55:46.676Z,2026-05-26T08:56:46.676Z,1,0.073,21.94,45
2026-05-26T08:56:46.841Z,2026-05-26T08:57:46.841Z,1,0.61,21.94,45
2026-05-26T08:57:46.904Z,2026-05-26T08:58:46.904Z,0,0.326,21.94,45
2026-05-26T08:58:47.069Z,2026-05-26T08:59:47.069Z,0,0.322,21.94,45
2026-05-26T08:59:47.233Z,2026-05-26T09:00:47.233Z,1,0.473,21.94,45
2026-05-26T09:00:47.299Z,2026-05-26T09:01:47.299Z,0,0.133,21.94,45
2026-05-26T09:01:47.463Z,2026-05-26T09:02:47.463Z,0,0.452,21.94,45
2026-05-26T09:02:47.627Z,2026-05-26T09:03:47.627Z,0,0.467,21.94,45
2026-05-26T09:03:47.691Z,2026-05-26T09:04:47.691Z,0,0.359,21.94,45
2026-05-26T09:04:47.855Z,2026-05-26T09:05:47.855Z,1,0.568,21.94,45
2026-05-26T09:05:48.020Z,2026-05-26T09:06:48.020Z,0,0.953,21.94,45
2026-05-26T09:06:48.085Z,2026-05-26T09:07:48.085Z,1,0.372,21.94,45
2026-05-26T09:07:48.250Z,2026-05-26T09:08:48.250Z,0,0.333,21.94,45
2026-05-26T09:08:48.313Z,2026-05-26T09:09:48.313Z,0,0.595,21.94,45
2026-05-26T09:09:48.479Z,2026-05-26T09:10:48.479Z,0,0.767,21.94,45
2026-05-26T09:10:48.642Z,2026-05-26T09:11:48.642Z,0,0.653,21.94,45
2026-05-26T09:11:48.707Z,2026-05-26T09:12:48.707Z,0,0.857,21.94,45
2026-05-26T09:12:48.871Z,2026-05-26T09:13:48.871Z,0,0.86,21.94,45
2026-05-26T09:13:49.036Z,2026-05-26T09:14:49.036Z,0,0.853,21.94,45
2026-05-26T09:14:49.101Z,2026-05-26T09:15:49.101Z,0,0.844,21.94,45
2026-05-26T09:15:49.265Z,2026-05-26T09:16:49.265Z,0,0.94,21.94,45
2026-05-26T09:16:49.430Z,2026-05-26T09:17:49.430Z,1,0.927,21.94,45
2026-05-26T09:17:49.493Z,2026-05-26T09:18:49.493Z,0,0.92,21.94,45
2026-05-26T09:18:49.658Z,2026-05-26T09:19:49.658Z,0,1.0,21.94,45
2026-05-26T09:19:49.822Z,2026-05-26T09:20:49.822Z,0,0.73,21.94,45
2026-05-26T09:20:49.888Z,2026-05-26T09:21:49.888Z,0,0.841,21.94,45
2026-05-26T09:21:50.052Z,2026-05-26T09:22:50.052Z,0,0.82,21.94,45
2026-05-26T09:22:50.117Z,2026-05-26T09:23:50.117Z,0,0.754,21.94,45
2026-05-26T09:23:50.280Z,2026-05-26T09:24:50.280Z,0,0.857,21.94,45
2026-05-26T09:24:50.444Z,2026-05-26T09:25:50.444Z,0,0.803,21.94,45
2026-05-26T09:25:50.509Z,2026-05-26T09:26:50.509Z,0,0.841,21.94,45
2026-05-26T09:26:50.674Z,2026-05-26T09:27:50.674Z,0,0.548,21.94,45
2026-05-26T09:27:50.838Z,2026-05-26T09:28:50.838Z,0,0.563,21.94,45
2026-05-26T09:28:50.903Z,2026-05-26T09:29:50.903Z,0,0.349,21.94,45
2026-05-26T09:29:51.068Z,2026-05-26T09:30:51.068Z,0,0.372,21.94,45
2026-05-26T09:30:51.232Z,2026-05-26T09:31:51.232Z,0,1.0,21.94,45
2026-05-26T09:31:51.296Z,2026-05-26T09:32:51.296Z,0,0.904,21.94,45
2026-05-26T09:32:51.460Z,2026-05-26T09:33:51.460Z,0,0.944,21.94,45
2026-05-26T09:33:51.625Z,2026-05-26T09:34:51.625Z,0,0.843,21.94,45
2026-05-26T09:34:51.690Z,2026-05-26T09:35:51.690Z,0,0.831,21.94,45
2026-05-26T09:35:51.854Z,2026-05-26T09:36:51.854Z,0,0.415,21.94,45
2026-05-26T09:36:52.019Z,2026-05-26T09:37:52.019Z,0,0.6,21.94,45
2026-05-26T09:37:52.082Z,2026-05-26T09:38:52.082Z,0,0.535,21.94,45
2026-05-26T09:38:52.247Z,2026-05-26T09:39:52.247Z,0,0.837,21.94,45
2026-05-26T09:39:52.312Z,2026-05-26T09:40:52.312Z,0,0.468,21.94,45
2026-05-26T09:40:52.476Z,2026-05-26T09:41:52.476Z,0,0.296,21.94,45
2026-05-26T09:41:52.641Z,2026-05-26T09:42:52.641Z,0,0.503,21.94,45
2026-05-26T09:42:52.706Z,2026-05-26T09:43:52.706Z,0,0.894,21.94,45
2026-05-26T09:43:52.869Z,2026-05-26T09:44:52.869Z,0,0.605,21.94,45
2026-05-26T09:44:53.035Z,2026-05-26T09:45:53.035Z,0,0.727,21.94,45
2026-05-26T09:45:53.098Z,2026-05-26T09:46:53.098Z,0,0.774,21.94,45
2026-05-26T09:46:53.263Z,2026-05-26T09:47:53.263Z,0,0.721,21.94,45
2026-05-26T09:47:53.427Z,2026-05-26T09:48:53.427Z,0,0.943,21.94,45
2026-05-26T09:48:53.492Z,2026-05-26T09:49:53.492Z,0,0.611,21.94,45
2026-05-26T09:49:53.657Z,2026-05-26T09:50:53.657Z,0,0.801,21.94,45
2026-05-26T09:50:53.821Z,2026-05-26T09:51:53.821Z,0,0.433,21.94,45
2026-05-26T09:51:53.885Z,2026-05-26T09:52:53.885Z,0,0.844,21.94,45
2026-05-26T09:52:54.049Z,2026-05-26T09:53:54.049Z,0,0.933,21.94,45
2026-05-26T09:53:54.115Z,2026-05-26T09:54:54.115Z,0,0.558,21.94,45
2026-05-26T09:54:54.279Z,2026-05-26T09:55:54.279Z,0,0.983,21.94,45
2026-05-26T09:55:54.444Z,2026-05-26T09:56:54.444Z,0,0.65,21.94,45
2026-05-26T09:56:54.507Z,2026-05-26T09:57:54.507Z,0,0.346,21.94,45
2026-05-26T09:57:54.673Z,2026-05-26T09:58:54.673Z,0,0.95,21.94,45
2026-05-26T09:58:54.836Z,2026-05-26T09:59:54.836Z,0,0.49,21.94,45
2026-05-26T09:59:54.901Z,2026-05-26T10:00:54.901Z,0,0.714,21.94,45
2026-05-26T10:00:55.065Z,2026-05-26T10:01:55.065Z,0,0.897,21.94,45
2026-05-26T10:01:55.230Z,2026-05-26T10:02:55.230Z,0,0.72,21.94,45
2026-05-26T10:02:55.295Z,2026-05-26T10:03:55.295Z,0,0.884,21.94,45
2026-05-26T10:03:55.459Z,2026-05-26T10:04:55.459Z,1,0.88,21.94,45
2026-05-26T10:04:55.624Z,2026-05-26T10:05:55.624Z,0,0.887,21.94,45
2026-05-26T10:05:55.687Z,2026-05-26T10:06:55.687Z,0,0.96,21.94,45
2026-05-26T10:06:55.852Z,2026-05-26T10:07:55.852Z,0,0.927,21.94,45
2026-05-26T10:07:56.117Z,2026-05-26T10:08:56.117Z,0,0.286,21.94,45
2026-05-26T10:08:56.280Z,2026-05-26T10:09:56.280Z,0,0.864,21.94,45
2026-05-26T10:09:56.446Z,2026-05-26T10:10:56.446Z,0,0.997,21.94,45
2026-05-26T10:10:56.509Z,2026-05-26T10:11:56.509Z,0,0.907,21.94,45
2026-05-26T10:11:56.674Z,2026-05-26T10:12:56.674Z,0,0.977,21.94,45
2026-05-26T10:12:56.838Z,2026-05-26T10:13:56.838Z,0,0.973,21.94,45
2026-05-26T10:13:56.904Z,2026-05-26T10:14:56.904Z,0,0.611,21.94,45
2026-05-26T10:14:57.068Z,2026-05-26T10:15:57.068Z,1,0.14,21.94,45
2026-05-26T10:15:57.232Z,2026-05-26T10:16:57.232Z,0,0.07,21.94,45
2026-05-26T10:17:57.460Z,2026-05-26T10:18:57.460Z,0,0.153,21.94,45
2026-05-26T10:19:57.690Z,2026-05-26T10:20:57.690Z,0,0.116,21.94,45
2026-05-26T10:20:57.855Z,2026-05-26T10:21:57.855Z,0,0.093,21.94,45
2026-05-26T10:24:58.312Z,2026-05-26T10:25:58.312Z,0,0.013,21.94,45
2026-05-26T10:26:58.641Z,2026-05-26T10:27:58.641Z,0,0.19,21.94,45
2026-05-26T10:27:58.706Z,2026-05-26T10:28:58.706Z,0,0.096,21.94,45
2026-05-26T10:30:59.098Z,2026-05-26T10:31:59.098Z,0,0.037,21.94,45
2026-05-26T10:31:59.263Z,2026-05-26T10:32:59.263Z,0,0.007,21.94,45
2026-05-26T10:32:59.427Z,2026-05-26T10:33:59.427Z,0,0.363,21.94,45
2026-05-26T10:33:59.493Z,2026-05-26T10:34:59.493Z,0,0.047,21.94,45
2026-05-26T10:34:59.657Z,2026-05-26T10:35:59.657Z,0,0.186,21.94,45
2026-05-26T10:35:59.822Z,2026-05-26T10:36:59.822Z,0,0.11,21.94,45
2026-05-26T10:36:59.885Z,2026-05-26T10:37:59.885Z,0,0.339,21.94,45
2026-05-26T10:38:00.049Z,2026-05-26T10:39:00.049Z,0,0.053,21.94,45
2026-05-26T10:40:00.279Z,2026-05-26T10:41:00.279Z,0,0.525,21.94,45
2026-05-26T10:41:00.444Z,2026-05-26T10:42:00.444Z,0,0.207,21.94,45
2026-05-26T10:42:00.507Z,2026-05-26T10:43:00.507Z,0,0.116,21.94,45
2026-05-26T10:43:00.673Z,2026-05-26T10:44:00.673Z,0,0.066,21.94,45
2026-05-26T10:44:00.836Z,2026-05-26T10:45:00.836Z,0,0.63,21.94,45
2026-05-26T10:45:00.901Z,2026-05-26T10:46:00.901Z,0,0.252,21.94,45
2026-05-26T10:46:01.065Z,2026-05-26T10:47:01.065Z,1,0.093,21.94,45
2026-05-26T10:47:01.230Z,2026-05-26T10:48:01.230Z,0,0.15,21.94,45
2026-05-26T10:48:01.295Z,2026-05-26T10:49:01.295Z,0,0.163,21.94,45
2026-05-26T10:49:01.460Z,2026-05-26T10:50:01.460Z,0,0.06,21.94,45
2026-05-26T10:50:01.624Z,2026-05-26T10:51:01.624Z,0,0.12,21.94,45
2026-05-26T10:51:01.687Z,2026-05-26T10:52:01.687Z,0,0.203,21.94,45
2026-05-26T10:52:01.852Z,2026-05-26T10:53:01.852Z,1,0.482,21.94,45
2026-05-26T10:53:02.016Z,2026-05-26T10:54:02.016Z,0,0.073,21.94,45
2026-05-26T10:54:02.082Z,2026-05-26T10:55:02.082Z,0,0.003,21.94,45
2026-05-26T10:55:02.246Z,2026-05-26T10:56:02.246Z,0,0.04,21.94,45
2026-05-26T10:56:02.311Z,2026-05-26T10:57:02.311Z,0,0.485,21.94,45
2026-05-26T10:57:02.474Z,2026-05-26T10:58:02.474Z,0,0.179,21.94,45
2026-05-26T10:58:02.640Z,2026-05-26T10:59:02.640Z,0,0.307,21.94,45
2026-05-26T10:59:02.703Z,2026-05-26T11:00:02.703Z,0,0.249,21.94,45
2026-05-26T11:00:02.868Z,2026-05-26T11:01:02.868Z,0,0.183,21.94,45
2026-05-26T11:01:03.032Z,2026-05-26T11:02:03.032Z,0,0.013,21.94,45
2026-05-26T11:04:03.426Z,2026-05-26T11:05:03.426Z,0,0.037,21.94,45
2026-05-26T11:05:03.490Z,2026-05-26T11:06:03.490Z,0,0.362,21.94,45
2026-05-26T11:06:03.654Z,2026-05-26T11:07:03.654Z,0,0.11,21.94,45
2026-05-26T11:07:03.819Z,2026-05-26T11:08:03.819Z,0,0.073,21.94,45
2026-05-26T11:08:03.884Z,2026-05-26T11:09:03.884Z,0,0.392,21.94,45
2026-05-26T11:09:04.049Z,2026-05-26T11:10:04.049Z,0,0.487,21.94,45
2026-05-26T11:10:04.112Z,2026-05-26T11:11:04.112Z,0,0.203,21.94,45
2026-05-26T11:11:04.276Z,2026-05-26T11:12:04.276Z,0,0.286,21.94,45
2026-05-26T11:12:04.441Z,2026-05-26T11:13:04.441Z,0,0.173,21.94,45
2026-05-26T11:13:04.506Z,2026-05-26T11:14:04.506Z,0,0.159,21.94,45
2026-05-26T11:14:04.671Z,2026-05-26T11:15:04.671Z,0,0.794,21.94,45
2026-05-26T11:15:04.835Z,2026-05-26T11:16:04.835Z,1,0.55,21.94,45
2026-05-26T11:16:04.900Z,2026-05-26T11:17:04.900Z,0,0.249,21.94,45
2026-05-26T11:17:05.063Z,2026-05-26T11:18:05.063Z,0,0.076,21.94,45
2026-05-26T11:18:05.227Z,2026-05-26T11:19:05.227Z,0,0.017,21.94,45
2026-05-26T11:19:05.292Z,2026-05-26T11:20:05.292Z,0,0.027,21.94,45
2026-05-26T11:20:05.457Z,2026-05-26T11:21:05.457Z,0,0.136,21.94,45
2026-05-26T11:21:05.621Z,2026-05-26T11:22:05.621Z,0,0.457,21.94,45
2026-05-26T11:22:05.686Z,2026-05-26T11:23:05.686Z,0,0.372,21.94,45
2026-05-26T11:23:05.851Z,2026-05-26T11:24:05.851Z,0,0.183,21.94,45
2026-05-26T11:24:05.914Z,2026-05-26T11:25:05.914Z,0,0.601,21.94,45
2026-05-26T11:25:06.079Z,2026-05-26T11:26:06.079Z,0,0.721,21.94,45
2026-05-26T11:26:06.243Z,2026-05-26T11:27:06.243Z,0,0.66,21.94,45
2026-05-26T11:27:06.309Z,2026-05-26T11:28:06.309Z,0,0.439,21.94,45
2026-05-26T11:28:06.473Z,2026-05-26T11:29:06.473Z,0,0.598,21.94,45
2026-05-26T11:29:06.638Z,2026-05-26T11:30:06.638Z,0,0.673,21.94,45
2026-05-26T11:30:06.701Z,2026-05-26T11:31:06.701Z,2,0.302,21.94,45
2026-05-26T11:31:06.865Z,2026-05-26T11:32:06.865Z,0,0.279,21.94,45
2026-05-26T11:32:07.030Z,2026-05-26T11:33:07.030Z,0,0.843,21.94,45
2026-05-26T11:33:07.095Z,2026-05-26T11:34:07.095Z,0,0.395,21.94,45
2026-05-26T11:34:07.259Z,2026-05-26T11:35:07.259Z,0,0.296,21.94,45
2026-05-26T11:36:07.489Z,2026-05-26T11:37:07.489Z,0,0.163,21.94,45
2026-05-26T11:37:07.653Z,2026-05-26T11:38:07.653Z,0,0.083,21.94,45
2026-05-26T11:38:07.818Z,2026-05-26T11:39:07.818Z,0,0.45,21.94,45
2026-05-26T11:39:07.881Z,2026-05-26T11:40:07.881Z,0,0.585,21.94,45
2026-05-26T11:40:08.046Z,2026-05-26T11:41:08.046Z,0,0.037,21.94,45
2026-05-26T11:41:08.111Z,2026-05-26T11:42:08.111Z,0,0.193,21.94,45
2026-05-26T11:42:08.275Z,2026-05-26T11:43:08.275Z,0,0.047,21.94,45
2026-05-26T11:43:08.440Z,2026-05-26T11:44:08.440Z,0,0.113,21.94,45
2026-05-26T11:44:08.503Z,2026-05-26T11:45:08.503Z,0,0.096,21.94,45
2026-05-26T11:45:08.668Z,2026-05-26T11:46:08.668Z,0,0.236,21.94,45
2026-05-26T11:46:08.832Z,2026-05-26T11:47:08.832Z,0,0.367,21.94,45
2026-05-26T11:47:08.898Z,2026-05-26T11:48:08.898Z,0,0.359,21.94,45
2026-05-26T11:48:09.062Z,2026-05-26T11:49:09.062Z,0,0.538,21.94,45
2026-05-26T11:49:09.226Z,2026-05-26T11:50:09.226Z,0,0.82,21.94,45
2026-05-26T11:50:09.290Z,2026-05-26T11:51:09.290Z,0,0.193,21.94,45
2026-05-26T11:51:09.454Z,2026-05-26T11:52:09.454Z,0,0.847,21.94,45
2026-05-26T11:52:09.619Z,2026-05-26T11:53:09.619Z,0,0.337,21.94,45
2026-05-26T11:53:09.684Z,2026-05-26T11:54:09.684Z,0,0.256,21.94,45
2026-05-26T11:54:09.848Z,2026-05-26T11:55:09.848Z,0,0.113,21.94,45
2026-05-26T11:55:09.913Z,2026-05-26T11:56:09.913Z,0,0.186,21.94,45
2026-05-26T11:56:10.078Z,2026-05-26T11:57:10.078Z,0,0.219,21.94,45
2026-05-26T11:57:10.242Z,2026-05-26T11:58:10.242Z,0,0.263,21.94,45
2026-05-26T11:58:10.306Z,2026-05-26T11:59:10.306Z,0,0.591,21.94,45
2026-05-26T11:59:10.470Z,2026-05-26T12:00:10.470Z,0,0.126,21.94,45
2026-05-26T12:00:10.635Z,2026-05-26T12:01:10.635Z,0,0.337,21.94,45
2026-05-26T12:01:10.700Z,2026-05-26T12:02:10.700Z,1,0.326,21.94,45
2026-05-26T12:02:10.864Z,2026-05-26T12:03:10.864Z,0,0.505,21.94,45
2026-05-26T12:03:11.029Z,2026-05-26T12:04:11.029Z,0,0.12,21.94,45
2026-05-26T12:04:11.092Z,2026-05-26T12:05:11.092Z,0,0.159,21.94,45
2026-05-26T12:05:11.257Z,2026-05-26T12:06:11.257Z,0,0.05,21.94,45
2026-05-26T12:06:11.421Z,2026-05-26T12:07:11.421Z,0,0.547,21.94,45
2026-05-26T12:07:11.486Z,2026-05-26T12:08:11.486Z,0,0.684,21.94,45
2026-05-26T12:09:11.716Z,2026-05-26T12:10:11.716Z,0,0.037,21.94,45
2026-05-26T12:11:12.043Z,2026-05-26T12:12:12.043Z,0,0.093,21.94,45
2026-05-26T12:13:12.273Z,2026-05-26T12:14:12.273Z,0,0.189,21.94,45
2026-05-26T12:14:12.437Z,2026-05-26T12:15:12.437Z,0,0.1,21.94,45
2026-05-26T12:15:12.502Z,2026-05-26T12:16:12.502Z,3,0.106,21.94,45
2026-05-26T12:16:12.667Z,2026-05-26T12:17:12.667Z,0,0.06,21.94,45
2026-05-26T12:18:12.895Z,2026-05-26T12:19:12.895Z,0,0.532,21.94,45
2026-05-26T12:19:13.059Z,2026-05-26T12:20:13.059Z,0,0.076,21.94,45
2026-05-26T12:20:13.223Z,2026-05-26T12:21:13.223Z,0,0.76,21.94,45
2026-05-26T12:21:13.289Z,2026-05-26T12:22:13.289Z,0,0.704,21.94,45
2026-05-26T12:22:13.453Z,2026-05-26T12:23:13.453Z,0,0.578,21.94,45
2026-05-26T12:23:13.618Z,2026-05-26T12:24:13.618Z,0,0.207,21.94,45
2026-05-26T12:24:13.681Z,2026-05-26T12:25:13.681Z,0,0.505,21.94,45
2026-05-26T12:25:13.846Z,2026-05-26T12:26:13.846Z,0,0.727,21.94,45
2026-05-26T12:26:13.911Z,2026-05-26T12:27:13.911Z,0,0.166,21.94,45
2026-05-26T12:27:14.075Z,2026-05-26T12:28:14.075Z,0,0.017,21.94,45
2026-05-26T12:28:14.240Z,2026-05-26T12:29:14.240Z,0,0.01,21.94,45
2026-05-26T12:29:14.305Z,2026-05-26T12:30:14.305Z,0,0.116,21.94,45
2026-05-26T12:30:14.469Z,2026-05-26T12:31:14.469Z,0,0.256,21.94,45
2026-05-26T12:31:14.632Z,2026-05-26T12:32:14.632Z,0,0.097,21.94,45
2026-05-26T12:32:14.697Z,2026-05-26T12:33:14.697Z,0,0.176,21.94,45
2026-05-26T12:33:14.861Z,2026-05-26T12:34:14.861Z,1,0.226,21.94,45
2026-05-26T12:34:15.026Z,2026-05-26T12:35:15.026Z,0,0.68,21.94,45
2026-05-26T12:35:15.091Z,2026-05-26T12:36:15.091Z,0,0.581,21.94,45
2026-05-26T12:36:15.256Z,2026-05-26T12:37:15.256Z,0,0.854,21.94,45
2026-05-26T12:37:15.420Z,2026-05-26T12:38:15.420Z,0,0.667,21.94,45
2026-05-26T12:38:15.484Z,2026-05-26T12:39:15.484Z,1,0.359,21.94,45
2026-05-26T12:39:15.648Z,2026-05-26T12:40:15.648Z,3,0.33,21.94,45
2026-05-26T12:40:15.713Z,2026-05-26T12:41:15.713Z,0,0.073,21.94,45
2026-05-26T19:17:07.038Z,2026-05-26T19:18:07.038Z,2,0.58,21.94,45
2026-05-26T19:18:07.101Z,2026-05-26T19:19:07.101Z,2,0.309,21.94,45
2026-05-26T19:19:07.266Z,2026-05-26T19:20:07.266Z,1,0.017,21.94,45
2026-05-27T01:44:57.282Z,2026-05-27T01:45:57.282Z,0,0.043,21.94,45
2026-05-27T02:56:06.457Z,2026-05-27T02:57:06.457Z,2,0.452,21.94,45
2026-05-27T02:57:06.621Z,2026-05-27T02:58:06.621Z,0,0.537,21.94,45
2026-05-27T02:58:06.687Z,2026-05-27T02:59:06.687Z,0,0.259,21.94,45
2026-05-27T02:59:06.851Z,2026-05-27T03:00:06.851Z,0,0.17,21.94,45
2026-05-27T03:00:06.914Z,2026-05-27T03:01:06.914Z,0,0.279,21.94,45
2026-05-27T03:01:07.079Z,2026-05-27T03:02:07.079Z,0,0.146,21.94,45
2026-05-27T03:02:07.243Z,2026-05-27T03:03:07.243Z,0,0.343,21.94,45
2026-05-27T03:03:07.309Z,2026-05-27T03:04:07.309Z,0,0.216,21.94,45
2026-05-27T03:04:07.473Z,2026-05-27T03:05:07.473Z,4,0.229,21.94,45
2026-05-27T03:05:07.637Z,2026-05-27T03:06:07.637Z,2,0.247,21.94,45
2026-05-27T03:08:08.030Z,2026-05-27T03:09:08.030Z,1,0.093,21.94,45
2026-05-27T03:09:08.095Z,2026-05-27T03:10:08.095Z,10,1.488,21.94,45
2026-05-27T03:10:08.259Z,2026-05-27T03:11:08.259Z,7,1.382,21.94,45
2026-05-27T03:12:08.489Z,2026-05-27T03:13:08.489Z,5,0.359,21.94,45
2026-05-27T03:13:08.653Z,2026-05-27T03:14:08.653Z,3,0.615,21.94,45
2026-05-27T03:14:08.816Z,2026-05-27T03:15:08.816Z,0,0.26,21.94,45
2026-05-27T03:15:08.881Z,2026-05-27T03:16:08.881Z,3,0.093,21.94,45
2026-05-27T03:19:09.440Z,2026-05-27T03:20:09.440Z,0,0.033,21.94,45
2026-05-27T03:20:09.503Z,2026-05-27T03:21:09.503Z,0,0.047,21.94,45
2026-05-27T03:24:10.062Z,2026-05-27T03:25:10.062Z,1,0.083,21.94,45
2026-05-27T03:25:10.226Z,2026-05-27T03:26:10.226Z,1,0.127,21.94,45
2026-05-27T03:29:10.684Z,2026-05-27T03:30:10.684Z,0,0.007,21.94,45
2026-05-27T03:30:10.848Z,2026-05-27T03:31:10.848Z,1,0.1,21.94,45
2026-05-27T03:34:11.305Z,2026-05-27T03:35:11.305Z,1,0.083,21.94,45
2026-05-27T03:35:11.470Z,2026-05-27T03:36:11.470Z,0,0.013,21.94,45
2026-05-27T03:38:11.864Z,2026-05-27T03:39:11.864Z,3,0.462,21.94,45
2026-05-27T03:39:12.028Z,2026-05-27T03:40:12.028Z,2,0.067,21.94,45
2026-05-27T03:40:12.092Z,2026-05-27T03:41:12.092Z,2,0.143,21.94,45
2026-05-27T03:41:12.256Z,2026-05-27T03:42:12.256Z,3,0.385,21.94,45
2026-05-27T03:42:12.421Z,2026-05-27T03:43:12.421Z,2,0.09,21.94,45
2026-05-27T03:43:12.486Z,2026-05-27T03:44:12.486Z,2,0.216,21.94,45
2026-05-27T03:44:12.650Z,2026-05-27T03:45:12.650Z,2,0.613,21.94,45
2026-05-27T03:45:12.714Z,2026-05-27T03:46:12.714Z,4,0.312,21.94,45
2026-05-27T03:46:12.878Z,2026-05-27T03:47:12.878Z,1,0.186,21.94,45
2026-05-27T03:47:13.043Z,2026-05-27T03:48:13.043Z,2,0.647,21.94,45
2026-05-27T03:48:13.108Z,2026-05-27T03:49:13.108Z,0,0.492,21.94,45
2026-05-27T03:49:13.273Z,2026-05-27T03:50:13.273Z,1,0.591,21.94,45
2026-05-27T03:50:13.437Z,2026-05-27T03:51:13.437Z,1,0.82,21.94,45
